tag,bs,mode,local_rss_kB,stub_rss_kB,skmem_B
svm_z0_64k,64k,svm,875340,27600,0
svm_z0_64k,64k,svm,879456,32616,26496
svm_z0_64k,64k,svm,881420,34060,13248
svm_z0_64k,64k,svm,881424,34344,158528
svm_z0_64k,64k,svm,881424,34404,0
svm_z0_64k,64k,svm,881496,34404,0
svm_z0_64k,64k,svm,881496,34404,87936
svm_z0_64k,64k,svm,881496,34404,22400
svm_z0_64k,64k,svm,881496,34404,78784
svm_z0_64k,64k,svm,881496,34404,13248
svm_z0_64k,64k,svm,881496,34404,0
svm_z0_64k,64k,svm,881496,34404,78784
svm_z0_64k,64k,svm,881496,34404,0
svm_z0_64k,64k,svm,881496,34404,9152
svm_z0_64k,64k,svm,881496,34408,13248
svm_z0_64k,64k,svm,881496,34408,22400
svm_z0_64k,64k,svm,881496,34408,0
svm_z0_64k,64k,svm,881496,34408,13248
svm_z0_64k,64k,svm,881528,34408,0
svm_z0_64k,64k,svm,881528,34408,70592
svm_z0_64k,64k,svm,881528,34408,13248
svm_z0_64k,64k,svm,881528,34408,13248
svm_z0_64k,64k,svm,881528,34408,26496
svm_z0_64k,64k,svm,881528,34400,13248
svm_z0_64k,64k,svm,881528,34400,78784
svm_z0_64k,64k,svm,881528,34400,13248
svm_z0_64k,64k,svm,881504,34400,150336
svm_z0_64k,64k,svm,881504,34400,71552
svm_z0_64k,64k,svm,881504,34400,92032
svm_z0_64k,64k,svm,881504,34400,22400
svm_z0_64k,64k,svm,881504,34400,92032
svm_z0_64k,64k,svm,881504,34400,22400
svm_z0_64k,64k,svm,881504,34400,0
svm_z0_64k,64k,svm,881504,34400,9152
svm_z0_64k,64k,svm,881504,34400,0
svm_z0_64k,64k,svm,881504,34400,0
svm_z0_64k,64k,svm,881480,34392,78784
svm_z0_64k,64k,svm,881480,34392,0
svm_z0_64k,64k,svm,881480,34392,13248
svm_z0_64k,64k,svm,881480,34392,0
svm_z0_64k,64k,svm,881480,34384,88896
svm_z0_64k,64k,svm,881480,34384,0
svm_z0_64k,64k,svm,881480,34384,70592
svm_z0_64k,64k,svm,881484,34512,157568
svm_z0_64k,64k,svm,881484,34568,158528
svm_z0_64k,64k,svm,881484,34568,78784
svm_z0_64k,64k,svm,881484,34572,0
svm_z0_64k,64k,svm,881484,34572,9152
svm_z0_64k,64k,svm,881484,34572,13248
svm_z0_64k,64k,svm,881484,34572,92992
svm_z0_64k,64k,svm,881484,34572,80704
svm_z0_64k,64k,svm,881484,34572,78784
svm_z0_64k,64k,svm,881484,34572,150336
svm_z0_64k,64k,svm,881492,34812,0
svm_z0_64k,64k,svm,881492,34812,0
svm_z0_64k,64k,svm,881492,34812,0
svm_z0_64k,64k,svm,881492,34812,0
svm_z0_64k,64k,svm,881492,34812,0
svm_z0_64k,64k,svm,881492,34812,0
svm_z0_64k,64k,svm,881492,34812,0
svm_z0_512k,512k,svm,893388,28824,70592
svm_z0_512k,512k,svm,894604,30996,234176
svm_z0_512k,512k,svm,895892,32644,592192
svm_z0_512k,512k,svm,897384,33248,211776
svm_z0_512k,512k,svm,899384,35120,22400
svm_z0_512k,512k,svm,899384,35464,13248
svm_z0_512k,512k,svm,899384,35784,13248
svm_z0_512k,512k,svm,899384,35464,9152
svm_z0_512k,512k,svm,899384,35464,22400
svm_z0_512k,512k,svm,899384,35464,13248
svm_z0_512k,512k,svm,899384,35464,78784
svm_z0_512k,512k,svm,899384,35032,13248
svm_z0_512k,512k,svm,899384,35464,13248
svm_z0_512k,512k,svm,899384,35464,564736
svm_z0_512k,512k,svm,899384,35464,22400
svm_z0_512k,512k,svm,899384,35784,436800
svm_z0_512k,512k,svm,899384,35784,149376
svm_z0_512k,512k,svm,899384,35032,0
svm_z0_512k,512k,svm,899384,35464,0
svm_z0_512k,512k,svm,899384,35972,423552
svm_z0_512k,512k,svm,899384,35660,149376
svm_z0_512k,512k,svm,899384,35784,79744
svm_z0_512k,512k,svm,899384,35784,22400
svm_z0_512k,512k,svm,899384,35032,9152
svm_z0_512k,512k,svm,899384,35464,352960
svm_z0_512k,512k,svm,899360,34840,70592
svm_z0_512k,512k,svm,899360,35464,494144
svm_z0_512k,512k,svm,899360,35032,0
svm_z0_512k,512k,svm,899360,35728,572928
svm_z0_512k,512k,svm,899360,35464,573888
svm_z0_512k,512k,svm,899360,35464,490048
svm_z0_512k,512k,svm,899360,35464,511488
svm_z0_512k,512k,svm,899360,35464,0
svm_z0_512k,512k,svm,899360,35784,9152
svm_z0_512k,512k,svm,899360,35876,207680
svm_z0_512k,512k,svm,899360,35344,358016
svm_z0_512k,512k,svm,899312,35876,282368
svm_z0_512k,512k,svm,899312,35464,22400
svm_z0_512k,512k,svm,899312,35440,13248
svm_z0_512k,512k,svm,899312,35440,436800
svm_z0_512k,512k,svm,899312,36208,564736
svm_z0_512k,512k,svm,899312,35768,710976
svm_z0_512k,512k,svm,899320,37240,22400
svm_z0_512k,512k,svm,899320,37120,13248
svm_z0_512k,512k,svm,899320,37120,366208
svm_z0_512k,512k,svm,899320,37548,573888
svm_z0_512k,512k,svm,899320,37120,13248
svm_z0_512k,512k,svm,899320,37120,83840
svm_z0_512k,512k,svm,899320,37120,701824
svm_z0_512k,512k,svm,899320,37120,26496
svm_z0_512k,512k,svm,899320,37120,0
svm_z0_512k,512k,svm,899320,36888,644480
svm_z0_512k,512k,svm,899332,37240,0
svm_z0_512k,512k,svm,899332,37240,0
svm_z0_512k,512k,svm,899332,37240,0
svm_z0_512k,512k,svm,899332,37240,0
svm_z0_512k,512k,svm,899332,37240,0
svm_z0_512k,512k,svm,899324,37240,0
svm_z0_512k,512k,svm,899324,37240,0
svm_z0_512k,512k,svm,899324,37240,0
svm_z0_1m,1m,svm,879692,29308,777472
svm_z0_1m,1m,svm,882696,32836,1009728
svm_z0_1m,1m,svm,885768,35200,17344
svm_z0_1m,1m,svm,885772,37132,38784
svm_z0_1m,1m,svm,885776,37132,238272
svm_z0_1m,1m,svm,885776,37132,660864
svm_z0_1m,1m,svm,885776,37168,295616
svm_z0_1m,1m,svm,885776,37132,242368
svm_z0_1m,1m,svm,885776,37132,705920
svm_z0_1m,1m,svm,885776,37132,1080320
svm_z0_1m,1m,svm,885776,37132,162624
svm_z0_1m,1m,svm,885776,37132,38784
svm_z0_1m,1m,svm,885776,38108,13248
svm_z0_1m,1m,svm,885776,37132,361152
svm_z0_1m,1m,svm,885776,37532,21440
svm_z0_1m,1m,svm,885776,38004,996480
svm_z0_1m,1m,svm,885776,37844,1557120
svm_z0_1m,1m,svm,885776,37132,237312
svm_z0_1m,1m,svm,885792,37132,211776
svm_z0_1m,1m,svm,885792,37248,149376
svm_z0_1m,1m,svm,885792,37132,502336
svm_z0_1m,1m,svm,885792,37132,211776
svm_z0_1m,1m,svm,885792,37140,572928
svm_z0_1m,1m,svm,885792,37140,0
svm_z0_1m,1m,svm,885792,37140,648576
svm_z0_1m,1m,svm,885768,37140,378496
svm_z0_1m,1m,svm,885768,37140,70592
svm_z0_1m,1m,svm,885768,37140,158528
svm_z0_1m,1m,svm,885768,37140,13248
svm_z0_1m,1m,svm,885768,37148,229120
svm_z0_1m,1m,svm,885768,37140,444992
svm_z0_1m,1m,svm,885768,37140,17344
svm_z0_1m,1m,svm,885768,37140,26496
svm_z0_1m,1m,svm,885768,37140,930944
svm_z0_1m,1m,svm,885768,37140,0
svm_z0_1m,1m,svm,885768,37412,212736
svm_z0_1m,1m,svm,885736,37720,0
svm_z0_1m,1m,svm,885736,37132,245504
svm_z0_1m,1m,svm,885736,37124,0
svm_z0_1m,1m,svm,885736,37124,162624
svm_z0_1m,1m,svm,885736,37124,38784
svm_z0_1m,1m,svm,885752,38796,1258368
svm_z0_1m,1m,svm,885752,38796,46976
svm_z0_1m,1m,svm,885752,38796,141184
svm_z0_1m,1m,svm,885752,38796,515584
svm_z0_1m,1m,svm,885752,38796,246464
svm_z0_1m,1m,svm,885752,38796,0
svm_z0_1m,1m,svm,885752,38796,17344
svm_z0_1m,1m,svm,885752,39276,17344
svm_z0_1m,1m,svm,885752,38804,87936
svm_z0_1m,1m,svm,885752,38940,582080
svm_z0_1m,1m,svm,885752,39136,70592
svm_z0_1m,1m,svm,885752,38952,26496
svm_z0_1m,1m,svm,885752,38960,0
svm_z0_1m,1m,svm,885752,38960,0
svm_z0_1m,1m,svm,885752,38960,0
svm_z0_1m,1m,svm,885752,38960,0
svm_z0_1m,1m,svm,885752,38960,0
svm_z0_1m,1m,svm,885752,38960,0
svm_z0_1m,1m,svm,885752,38960,0
svm_z0_2m,2m,svm,907940,33056,789760
svm_z0_2m,2m,svm,912260,42704,427648
svm_z0_2m,2m,svm,913752,43760,577984
svm_z0_2m,2m,svm,913752,45728,352960
svm_z0_2m,2m,svm,913752,45728,0
svm_z0_2m,2m,svm,913752,45728,352960
svm_z0_2m,2m,svm,913752,45728,352960
svm_z0_2m,2m,svm,913752,45852,383552
svm_z0_2m,2m,svm,913752,45852,423552
svm_z0_2m,2m,svm,913752,45852,723264
svm_z0_2m,2m,svm,913752,45852,211776
svm_z0_2m,2m,svm,913752,45852,811200
svm_z0_2m,2m,svm,913752,45852,631232
svm_z0_2m,2m,svm,913752,45852,723264
svm_z0_2m,2m,svm,913752,45852,1498816
svm_z0_2m,2m,svm,913752,45852,9152
svm_z0_2m,2m,svm,913752,45852,1169216
svm_z0_2m,2m,svm,913752,46172,87936
svm_z0_2m,2m,svm,913744,46644,922752
svm_z0_2m,2m,svm,913744,46172,1155008
svm_z0_2m,2m,svm,913744,46428,507392
svm_z0_2m,2m,svm,913744,46428,425472
svm_z0_2m,2m,svm,913744,46420,9152
svm_z0_2m,2m,svm,913744,48076,869504
svm_z0_2m,2m,svm,913744,47572,731456
svm_z0_2m,2m,svm,913720,47572,278272
svm_z0_2m,2m,svm,913720,47572,171776
svm_z0_2m,2m,svm,913720,47572,1125376
svm_z0_2m,2m,svm,913720,47572,0
svm_z0_2m,2m,svm,913720,47572,1500736
svm_z0_2m,2m,svm,913720,47564,494144
svm_z0_2m,2m,svm,913720,47564,1054784
svm_z0_2m,2m,svm,913720,47564,54208
svm_z0_2m,2m,svm,913720,47564,454144
svm_z0_2m,2m,svm,913720,48412,1421952
svm_z0_2m,2m,svm,913672,47564,9152
svm_z0_2m,2m,svm,913672,48576,388608
svm_z0_2m,2m,svm,913672,48584,511488
svm_z0_2m,2m,svm,913672,48584,988032
svm_z0_2m,2m,svm,913672,48584,70592
svm_z0_2m,2m,svm,913672,48652,370304
svm_z0_2m,2m,svm,913672,48916,9152
svm_z0_2m,2m,svm,913672,48584,63104
svm_z0_2m,2m,svm,913672,49072,423552
svm_z0_2m,2m,svm,913672,48844,79744
svm_z0_2m,2m,svm,913672,48932,723264
svm_z0_2m,2m,svm,913672,48584,30592
svm_z0_2m,2m,svm,913672,49620,71552
svm_z0_2m,2m,svm,913672,49328,948288
svm_z0_2m,2m,svm,913672,48584,564736
svm_z0_2m,2m,svm,913672,48584,0
svm_z0_2m,2m,svm,913672,48584,282368
svm_z0_2m,2m,svm,913672,48596,0
svm_z0_2m,2m,svm,913672,48596,0
svm_z0_2m,2m,svm,913672,48596,0
svm_z0_2m,2m,svm,913672,48596,0
svm_z0_2m,2m,svm,913672,48596,0
svm_z0_2m,2m,svm,913672,48596,0
svm_z0_2m,2m,svm,913664,48596,0
svm_z0_2m,2m,svm,913664,48596,0
svm_z4m_64k,64k,svm,902204,28060,135120
svm_z4m_64k,64k,svm,906752,31216,68442
svm_z4m_64k,64k,svm,908080,34016,68520
svm_z4m_64k,64k,svm,908084,34084,2128
svm_z4m_64k,64k,svm,908084,34084,101288
svm_z4m_64k,64k,svm,908084,34084,1064
svm_z4m_64k,64k,svm,908096,34084,0
svm_z4m_64k,64k,svm,908096,34084,973
svm_z4m_64k,64k,svm,908096,34084,68533
svm_z4m_64k,64k,svm,908096,34084,1064
svm_z4m_64k,64k,svm,908096,34084,66443
svm_z4m_64k,64k,svm,908096,34084,0
svm_z4m_64k,64k,svm,908096,34084,0
svm_z4m_64k,64k,svm,908096,34084,1064
svm_z4m_64k,64k,svm,908096,34084,1064
svm_z4m_64k,64k,svm,908096,34084,67416
svm_z4m_64k,64k,svm,908096,34084,68533
svm_z4m_64k,64k,svm,908096,34084,0
svm_z4m_64k,64k,svm,908144,34084,67469
svm_z4m_64k,64k,svm,908144,34084,0
svm_z4m_64k,64k,svm,908144,34084,973
svm_z4m_64k,64k,svm,908144,34084,1064
svm_z4m_64k,64k,svm,908144,34076,0
svm_z4m_64k,64k,svm,908144,34076,1064
svm_z4m_64k,64k,svm,908144,34076,67560
svm_z4m_64k,64k,svm,908120,34076,973
svm_z4m_64k,64k,svm,908120,34076,1064
svm_z4m_64k,64k,svm,908120,34076,2037
svm_z4m_64k,64k,svm,908120,34076,67560
svm_z4m_64k,64k,svm,908120,34076,0
svm_z4m_64k,64k,svm,908120,34076,67560
svm_z4m_64k,64k,svm,908120,34076,0
svm_z4m_64k,64k,svm,908120,34208,2037
svm_z4m_64k,64k,svm,908120,34208,67469
svm_z4m_64k,64k,svm,908120,34208,66443
svm_z4m_64k,64k,svm,908120,34208,1064
svm_z4m_64k,64k,svm,908104,34208,0
svm_z4m_64k,64k,svm,908104,34208,67469
svm_z4m_64k,64k,svm,908104,34200,1064
svm_z4m_64k,64k,svm,908104,34200,67469
svm_z4m_64k,64k,svm,908104,34192,0
svm_z4m_64k,64k,svm,908132,34260,0
svm_z4m_64k,64k,svm,908132,34260,1946
svm_z4m_64k,64k,svm,908132,34260,1064
svm_z4m_64k,64k,svm,908132,34260,66443
svm_z4m_64k,64k,svm,908132,34260,67469
svm_z4m_64k,64k,svm,908132,34260,68429
svm_z4m_64k,64k,svm,908132,34260,68624
svm_z4m_64k,64k,svm,908132,34260,1064
svm_z4m_64k,64k,svm,908132,34260,2128
svm_z4m_64k,64k,svm,908132,34260,973
svm_z4m_64k,64k,svm,908132,34260,0
svm_z4m_64k,64k,svm,908132,34260,1064
svm_z4m_64k,64k,svm,908140,34448,0
svm_z4m_64k,64k,svm,908140,34448,0
svm_z4m_64k,64k,svm,908140,34448,0
svm_z4m_64k,64k,svm,908140,34448,0
svm_z4m_64k,64k,svm,908140,34448,0
svm_z4m_64k,64k,svm,908140,34448,0
svm_z4m_64k,64k,svm,908140,34448,0
svm_z4m_512k,512k,svm,912660,28732,1936
svm_z4m_512k,512k,svm,916616,31588,67840
svm_z4m_512k,512k,svm,918492,33500,134822
svm_z4m_512k,512k,svm,918504,36100,3333
svm_z4m_512k,512k,svm,918504,36212,1936
svm_z4m_512k,512k,svm,918504,36212,1512
svm_z4m_512k,512k,svm,918504,36212,132886
svm_z4m_512k,512k,svm,918504,36212,467037
svm_z4m_512k,512k,svm,918504,36212,3333
svm_z4m_512k,512k,svm,918504,36212,1936
svm_z4m_512k,512k,svm,918504,36592,132886
svm_z4m_512k,512k,svm,918504,36212,1936
svm_z4m_512k,512k,svm,918504,36212,497491
svm_z4m_512k,512k,svm,918504,36212,533480
svm_z4m_512k,512k,svm,918504,36212,467037
svm_z4m_512k,512k,svm,918504,36212,1512
svm_z4m_512k,512k,svm,918504,36212,973
svm_z4m_512k,512k,svm,918504,36212,2909
svm_z4m_512k,512k,svm,918528,36324,135782
svm_z4m_512k,512k,svm,918528,36212,2909
svm_z4m_512k,512k,svm,918528,36600,3448
svm_z4m_512k,512k,svm,918528,36212,2909
svm_z4m_512k,512k,svm,918528,36632,2909
svm_z4m_512k,512k,svm,918528,36212,1512
svm_z4m_512k,512k,svm,918528,36212,66443
svm_z4m_512k,512k,svm,918504,36492,1512
svm_z4m_512k,512k,svm,918504,36204,178524
svm_z4m_512k,512k,svm,918504,36204,732270
svm_z4m_512k,512k,svm,918504,36204,2909
svm_z4m_512k,512k,svm,918504,36204,200726
svm_z4m_512k,512k,svm,918504,36204,399618
svm_z4m_512k,512k,svm,918504,36204,332215
svm_z4m_512k,512k,svm,918504,36204,134398
svm_z4m_512k,512k,svm,918504,36204,402106
svm_z4m_512k,512k,svm,918504,36204,1936
svm_z4m_512k,512k,svm,918504,36204,502635
svm_z4m_512k,512k,svm,918472,36196,200726
svm_z4m_512k,512k,svm,918472,36560,66443
svm_z4m_512k,512k,svm,918472,36188,1936
svm_z4m_512k,512k,svm,918472,36188,0
svm_z4m_512k,512k,svm,918472,36188,1512
svm_z4m_512k,512k,svm,918472,36344,1936
svm_z4m_512k,512k,svm,918472,36188,1397
svm_z4m_512k,512k,svm,918472,36188,1512
svm_z4m_512k,512k,svm,918472,36188,203201
svm_z4m_512k,512k,svm,918472,36188,466061
svm_z4m_512k,512k,svm,918472,36188,1397
svm_z4m_512k,512k,svm,918472,36188,68379
svm_z4m_512k,512k,svm,918472,36188,1936
svm_z4m_512k,512k,svm,918472,36188,2909
svm_z4m_512k,512k,svm,918472,36188,2909
svm_z4m_512k,512k,svm,918472,36188,1936
svm_z4m_512k,512k,svm,918472,36188,335009
svm_z4m_512k,512k,svm,918472,36188,132886
svm_z4m_512k,512k,svm,918476,36400,0
svm_z4m_512k,512k,svm,918476,36400,0
svm_z4m_512k,512k,svm,918476,36400,0
svm_z4m_512k,512k,svm,918476,36400,0
svm_z4m_512k,512k,svm,918476,36400,0
svm_z4m_512k,512k,svm,918476,36400,0
svm_z4m_1m,1m,svm,901920,29080,0
svm_z4m_1m,1m,svm,906780,33152,465101
svm_z4m_1m,1m,svm,907828,38204,1030208
svm_z4m_1m,1m,svm,907828,38644,524236
svm_z4m_1m,1m,svm,907828,38644,474266
svm_z4m_1m,1m,svm,907828,38848,134778
svm_z4m_1m,1m,svm,907832,39664,9165
svm_z4m_1m,1m,svm,907832,38644,9165
svm_z4m_1m,1m,svm,907832,38644,0
svm_z4m_1m,1m,svm,907832,38644,368212
svm_z4m_1m,1m,svm,907832,38644,76482
svm_z4m_1m,1m,svm,907832,38656,93876
svm_z4m_1m,1m,svm,907832,38656,1019860
svm_z4m_1m,1m,svm,907832,38656,533548
svm_z4m_1m,1m,svm,907832,38656,467105
svm_z4m_1m,1m,svm,907832,38656,9200
svm_z4m_1m,1m,svm,907832,38656,740038
svm_z4m_1m,1m,svm,907832,38656,267664
svm_z4m_1m,1m,svm,907888,38656,0
svm_z4m_1m,1m,svm,907888,38648,9165
svm_z4m_1m,1m,svm,907888,39668,2004
svm_z4m_1m,1m,svm,907888,38648,2004
svm_z4m_1m,1m,svm,907888,38648,996645
svm_z4m_1m,1m,svm,907888,38648,997711
svm_z4m_1m,1m,svm,907888,38648,267776
svm_z4m_1m,1m,svm,907888,38648,2004
svm_z4m_1m,1m,svm,907888,39060,756277
svm_z4m_1m,1m,svm,907888,38648,626925
svm_z4m_1m,1m,svm,907888,38648,0
svm_z4m_1m,1m,svm,907888,38648,808408
svm_z4m_1m,1m,svm,907888,38648,200203
svm_z4m_1m,1m,svm,907888,38648,0
svm_z4m_1m,1m,svm,907888,38648,201333
svm_z4m_1m,1m,svm,907888,38648,931904
svm_z4m_1m,1m,svm,907888,38648,675522
svm_z4m_1m,1m,svm,907888,38648,2004
svm_z4m_1m,1m,svm,907880,38640,9200
svm_z4m_1m,1m,svm,907880,38640,332215
svm_z4m_1m,1m,svm,907880,38640,208529
svm_z4m_1m,1m,svm,907880,38640,9165
svm_z4m_1m,1m,svm,907888,38632,67403
svm_z4m_1m,1m,svm,907908,40316,265772
svm_z4m_1m,1m,svm,907908,40316,724187
svm_z4m_1m,1m,svm,907908,40316,11169
svm_z4m_1m,1m,svm,907908,40316,973
svm_z4m_1m,1m,svm,907908,40316,1064048
svm_z4m_1m,1m,svm,907908,40316,341380
svm_z4m_1m,1m,svm,907908,40316,9200
svm_z4m_1m,1m,svm,907908,40316,398658
svm_z4m_1m,1m,svm,907908,40316,18365
svm_z4m_1m,1m,svm,907908,40728,11169
svm_z4m_1m,1m,svm,907908,40316,142925
svm_z4m_1m,1m,svm,907908,40316,203225
svm_z4m_1m,1m,svm,907908,40316,0
svm_z4m_1m,1m,svm,907908,40316,0
svm_z4m_1m,1m,svm,907908,40316,0
svm_z4m_1m,1m,svm,907908,40316,0
svm_z4m_1m,1m,svm,907908,40316,0
svm_z4m_1m,1m,svm,907908,40316,0
svm_z4m_1m,1m,svm,907908,40316,0
svm_z4m_2m,2m,svm,899648,32904,67416
svm_z4m_2m,2m,svm,905468,39084,2412
svm_z4m_2m,2m,svm,905468,42548,1325288
svm_z4m_2m,2m,svm,905480,43500,810288
svm_z4m_2m,2m,svm,905480,43500,0
svm_z4m_2m,2m,svm,905480,43500,409670
svm_z4m_2m,2m,svm,905500,46628,723953
svm_z4m_2m,2m,svm,905500,48208,265772
svm_z4m_2m,2m,svm,905500,49500,394699
svm_z4m_2m,2m,svm,905500,47616,1006245
svm_z4m_2m,2m,svm,905500,47000,981983
svm_z4m_2m,2m,svm,905500,48680,549232
svm_z4m_2m,2m,svm,905500,49524,0
svm_z4m_2m,2m,svm,905500,48984,1595860
svm_z4m_2m,2m,svm,905500,47160,1130691
svm_z4m_2m,2m,svm,905500,48232,2412
svm_z4m_2m,2m,svm,905500,49524,125555
svm_z4m_2m,2m,svm,905500,46704,201741
svm_z4m_2m,2m,svm,905556,47128,1726826
svm_z4m_2m,2m,svm,905556,48232,4824
svm_z4m_2m,2m,svm,905556,49496,1262685
svm_z4m_2m,2m,svm,905556,48368,4824
svm_z4m_2m,2m,svm,905556,49220,679224
svm_z4m_2m,2m,svm,905556,46764,2412
svm_z4m_2m,2m,svm,905556,49020,416033
svm_z4m_2m,2m,svm,905540,49228,1260765
svm_z4m_2m,2m,svm,905540,47880,1396063
svm_z4m_2m,2m,svm,905540,49524,2412
svm_z4m_2m,2m,svm,905540,48232,1621256
svm_z4m_2m,2m,svm,905540,48592,0
svm_z4m_2m,2m,svm,905540,48432,0
svm_z4m_2m,2m,svm,905540,46480,1994518
svm_z4m_2m,2m,svm,905540,48232,297644
svm_z4m_2m,2m,svm,905540,48260,1597648
svm_z4m_2m,2m,svm,905540,48704,2412
svm_z4m_2m,2m,svm,905532,49524,154006
svm_z4m_2m,2m,svm,905532,47128,1463466
svm_z4m_2m,2m,svm,905532,47652,338505
svm_z4m_2m,2m,svm,905532,49524,334627
svm_z4m_2m,2m,svm,905532,48224,9165
svm_z4m_2m,2m,svm,905552,49880,22519
svm_z4m_2m,2m,svm,905552,49880,1193001
svm_z4m_2m,2m,svm,905552,49880,540709
svm_z4m_2m,2m,svm,905552,49880,0
svm_z4m_2m,2m,svm,905552,50832,277731
svm_z4m_2m,2m,svm,905552,49880,0
svm_z4m_2m,2m,svm,905552,49892,210849
svm_z4m_2m,2m,svm,905552,50908,1083036
svm_z4m_2m,2m,svm,905552,50908,1118360
svm_z4m_2m,2m,svm,905552,50908,875718
svm_z4m_2m,2m,svm,905552,50268,0
svm_z4m_2m,2m,svm,905552,50448,1612976
svm_z4m_2m,2m,svm,905552,49968,0
svm_z4m_2m,2m,svm,905552,49968,0
svm_z4m_2m,2m,svm,905552,49968,0
svm_z4m_2m,2m,svm,905552,49968,0
svm_z4m_2m,2m,svm,905552,49968,0
svm_z4m_2m,2m,svm,905552,49968,0
svm_z4m_2m,2m,svm,905552,49968,0
svm_z4m_2m,2m,svm,905552,49968,0
kvm_64k,64k,kvm,853252,0,
kvm_64k,64k,kvm,853252,0,
kvm_64k,64k,kvm,853256,0,
kvm_64k,64k,kvm,853256,0,
kvm_64k,64k,kvm,853256,0,
kvm_64k,64k,kvm,853256,0,
kvm_64k,64k,kvm,853256,0,
kvm_64k,64k,kvm,853256,0,
kvm_64k,64k,kvm,853256,0,
kvm_64k,64k,kvm,853256,0,
kvm_64k,64k,kvm,853256,0,
kvm_64k,64k,kvm,853256,0,
kvm_64k,64k,kvm,853256,0,
kvm_64k,64k,kvm,853256,0,
kvm_64k,64k,kvm,853256,0,
kvm_64k,64k,kvm,853256,0,
kvm_64k,64k,kvm,853256,0,
kvm_64k,64k,kvm,853256,0,
kvm_64k,64k,kvm,853256,0,
kvm_64k,64k,kvm,853256,0,
kvm_64k,64k,kvm,853256,0,
kvm_64k,64k,kvm,853256,0,
kvm_64k,64k,kvm,853256,0,
kvm_64k,64k,kvm,853256,0,
kvm_64k,64k,kvm,853256,0,
kvm_64k,64k,kvm,853256,0,
kvm_64k,64k,kvm,853256,0,
kvm_64k,64k,kvm,853256,0,
kvm_64k,64k,kvm,853256,0,
kvm_64k,64k,kvm,853256,0,
kvm_64k,64k,kvm,853256,0,
kvm_64k,64k,kvm,853256,0,
kvm_64k,64k,kvm,853256,0,
kvm_64k,64k,kvm,853256,0,
kvm_64k,64k,kvm,853256,0,
kvm_64k,64k,kvm,853256,0,
kvm_64k,64k,kvm,853256,0,
kvm_64k,64k,kvm,853256,0,
kvm_64k,64k,kvm,853256,0,
kvm_64k,64k,kvm,853256,0,
kvm_64k,64k,kvm,853256,0,
kvm_64k,64k,kvm,853256,0,
kvm_64k,64k,kvm,853256,0,
kvm_64k,64k,kvm,853256,0,
kvm_64k,64k,kvm,853256,0,
kvm_64k,64k,kvm,853256,0,
kvm_64k,64k,kvm,853256,0,
kvm_64k,64k,kvm,853256,0,
kvm_64k,64k,kvm,853256,0,
kvm_64k,64k,kvm,853256,0,
kvm_64k,64k,kvm,853256,0,
kvm_64k,64k,kvm,853256,0,
kvm_64k,64k,kvm,853256,0,
kvm_64k,64k,kvm,853256,0,
kvm_64k,64k,kvm,853256,0,
kvm_64k,64k,kvm,853256,0,
kvm_64k,64k,kvm,853256,0,
kvm_64k,64k,kvm,853256,0,
kvm_64k,64k,kvm,853256,0,
kvm_64k,64k,kvm,853256,0,
kvm_512k,512k,kvm,875772,0,
kvm_512k,512k,kvm,875772,0,
kvm_512k,512k,kvm,875772,0,
kvm_512k,512k,kvm,875784,0,
kvm_512k,512k,kvm,875784,0,
kvm_512k,512k,kvm,875784,0,
kvm_512k,512k,kvm,875784,0,
kvm_512k,512k,kvm,875784,0,
kvm_512k,512k,kvm,875784,0,
kvm_512k,512k,kvm,875784,0,
kvm_512k,512k,kvm,875784,0,
kvm_512k,512k,kvm,875784,0,
kvm_512k,512k,kvm,875784,0,
kvm_512k,512k,kvm,875784,0,
kvm_512k,512k,kvm,875784,0,
kvm_512k,512k,kvm,875784,0,
kvm_512k,512k,kvm,875784,0,
kvm_512k,512k,kvm,875784,0,
kvm_512k,512k,kvm,875784,0,
kvm_512k,512k,kvm,875784,0,
kvm_512k,512k,kvm,875784,0,
kvm_512k,512k,kvm,875784,0,
kvm_512k,512k,kvm,875784,0,
kvm_512k,512k,kvm,875784,0,
kvm_512k,512k,kvm,875784,0,
kvm_512k,512k,kvm,875784,0,
kvm_512k,512k,kvm,875784,0,
kvm_512k,512k,kvm,875784,0,
kvm_512k,512k,kvm,875784,0,
kvm_512k,512k,kvm,875784,0,
kvm_512k,512k,kvm,875784,0,
kvm_512k,512k,kvm,875784,0,
kvm_512k,512k,kvm,875784,0,
kvm_512k,512k,kvm,875784,0,
kvm_512k,512k,kvm,875784,0,
kvm_512k,512k,kvm,875784,0,
kvm_512k,512k,kvm,875784,0,
kvm_512k,512k,kvm,875784,0,
kvm_512k,512k,kvm,875784,0,
kvm_512k,512k,kvm,875784,0,
kvm_512k,512k,kvm,875784,0,
kvm_512k,512k,kvm,875784,0,
kvm_512k,512k,kvm,875784,0,
kvm_512k,512k,kvm,875784,0,
kvm_512k,512k,kvm,875784,0,
kvm_512k,512k,kvm,875784,0,
kvm_512k,512k,kvm,875784,0,
kvm_512k,512k,kvm,875784,0,
kvm_512k,512k,kvm,875784,0,
kvm_512k,512k,kvm,875784,0,
kvm_512k,512k,kvm,875784,0,
kvm_512k,512k,kvm,875784,0,
kvm_512k,512k,kvm,875784,0,
kvm_512k,512k,kvm,875784,0,
kvm_512k,512k,kvm,875784,0,
kvm_512k,512k,kvm,875784,0,
kvm_512k,512k,kvm,875784,0,
kvm_512k,512k,kvm,875784,0,
kvm_512k,512k,kvm,875784,0,
kvm_512k,512k,kvm,875784,0,
kvm_1m,1m,kvm,878204,0,
kvm_1m,1m,kvm,878204,0,
kvm_1m,1m,kvm,878204,0,
kvm_1m,1m,kvm,878204,0,
kvm_1m,1m,kvm,878204,0,
kvm_1m,1m,kvm,878216,0,
kvm_1m,1m,kvm,878216,0,
kvm_1m,1m,kvm,878216,0,
kvm_1m,1m,kvm,878216,0,
kvm_1m,1m,kvm,878216,0,
kvm_1m,1m,kvm,878216,0,
kvm_1m,1m,kvm,878216,0,
kvm_1m,1m,kvm,878216,0,
kvm_1m,1m,kvm,878216,0,
kvm_1m,1m,kvm,878216,0,
kvm_1m,1m,kvm,878216,0,
kvm_1m,1m,kvm,878216,0,
kvm_1m,1m,kvm,878216,0,
kvm_1m,1m,kvm,878216,0,
kvm_1m,1m,kvm,878216,0,
kvm_1m,1m,kvm,878216,0,
kvm_1m,1m,kvm,878216,0,
kvm_1m,1m,kvm,878216,0,
kvm_1m,1m,kvm,878216,0,
kvm_1m,1m,kvm,878216,0,
kvm_1m,1m,kvm,878216,0,
kvm_1m,1m,kvm,878216,0,
kvm_1m,1m,kvm,878216,0,
kvm_1m,1m,kvm,878216,0,
kvm_1m,1m,kvm,878216,0,
kvm_1m,1m,kvm,878216,0,
kvm_1m,1m,kvm,878216,0,
kvm_1m,1m,kvm,878216,0,
kvm_1m,1m,kvm,878216,0,
kvm_1m,1m,kvm,878216,0,
kvm_1m,1m,kvm,878216,0,
kvm_1m,1m,kvm,878216,0,
kvm_1m,1m,kvm,878216,0,
kvm_1m,1m,kvm,878216,0,
kvm_1m,1m,kvm,878216,0,
kvm_1m,1m,kvm,878216,0,
kvm_1m,1m,kvm,878216,0,
kvm_1m,1m,kvm,878216,0,
kvm_1m,1m,kvm,878216,0,
kvm_1m,1m,kvm,878216,0,
kvm_1m,1m,kvm,878216,0,
kvm_1m,1m,kvm,878216,0,
kvm_1m,1m,kvm,878216,0,
kvm_1m,1m,kvm,878216,0,
kvm_1m,1m,kvm,878216,0,
kvm_1m,1m,kvm,878216,0,
kvm_1m,1m,kvm,878216,0,
kvm_1m,1m,kvm,878216,0,
kvm_1m,1m,kvm,878216,0,
kvm_1m,1m,kvm,878216,0,
kvm_1m,1m,kvm,878216,0,
kvm_1m,1m,kvm,878216,0,
kvm_1m,1m,kvm,878216,0,
kvm_1m,1m,kvm,878216,0,
kvm_1m,1m,kvm,878216,0,
kvm_2m,2m,kvm,882388,0,
kvm_2m,2m,kvm,882388,0,
kvm_2m,2m,kvm,882388,0,
kvm_2m,2m,kvm,882388,0,
kvm_2m,2m,kvm,882400,0,
kvm_2m,2m,kvm,882400,0,
kvm_2m,2m,kvm,882400,0,
kvm_2m,2m,kvm,882400,0,
kvm_2m,2m,kvm,882400,0,
kvm_2m,2m,kvm,882400,0,
kvm_2m,2m,kvm,882424,0,
kvm_2m,2m,kvm,882424,0,
kvm_2m,2m,kvm,882424,0,
kvm_2m,2m,kvm,882424,0,
kvm_2m,2m,kvm,882424,0,
kvm_2m,2m,kvm,882424,0,
kvm_2m,2m,kvm,882432,0,
kvm_2m,2m,kvm,882440,0,
kvm_2m,2m,kvm,882440,0,
kvm_2m,2m,kvm,882440,0,
kvm_2m,2m,kvm,882440,0,
kvm_2m,2m,kvm,882440,0,
kvm_2m,2m,kvm,882440,0,
kvm_2m,2m,kvm,882440,0,
kvm_2m,2m,kvm,882440,0,
kvm_2m,2m,kvm,882440,0,
kvm_2m,2m,kvm,882440,0,
kvm_2m,2m,kvm,882440,0,
kvm_2m,2m,kvm,882440,0,
kvm_2m,2m,kvm,882440,0,
kvm_2m,2m,kvm,882440,0,
kvm_2m,2m,kvm,882440,0,
kvm_2m,2m,kvm,882440,0,
kvm_2m,2m,kvm,882440,0,
kvm_2m,2m,kvm,882440,0,
kvm_2m,2m,kvm,882440,0,
kvm_2m,2m,kvm,882440,0,
kvm_2m,2m,kvm,882440,0,
kvm_2m,2m,kvm,882440,0,
kvm_2m,2m,kvm,882440,0,
kvm_2m,2m,kvm,882440,0,
kvm_2m,2m,kvm,882440,0,
kvm_2m,2m,kvm,882440,0,
kvm_2m,2m,kvm,882440,0,
kvm_2m,2m,kvm,882440,0,
kvm_2m,2m,kvm,882440,0,
kvm_2m,2m,kvm,882440,0,
kvm_2m,2m,kvm,882440,0,
kvm_2m,2m,kvm,882440,0,
kvm_2m,2m,kvm,882440,0,
kvm_2m,2m,kvm,882440,0,
kvm_2m,2m,kvm,882440,0,
kvm_2m,2m,kvm,882440,0,
kvm_2m,2m,kvm,882440,0,
kvm_2m,2m,kvm,882440,0,
kvm_2m,2m,kvm,882440,0,
kvm_2m,2m,kvm,882440,0,
kvm_2m,2m,kvm,882440,0,
kvm_2m,2m,kvm,882440,0,
kvm_2m,2m,kvm,882440,0,
